phase,jobId,mode,concurrency,requestToReservationWriteMs,transactionQueueMs,providerLockWaitMs,lockedWorkToReservationWriteMs,creditReservationMs,callbackCommitObservedToConfirmationMs,measuredReadyMs,externalPaidCalls
before,cmut39vjl002ifgbksohnhsmo,text-to-video,20,98,12,2,84,20,124,1249.6151999999997,0
before,cmut39vln002mfgbksaa4753r,image-to-video,20,168,30,74,64,15,158,1408.1807,0
before,cmut39vnd002rfgbk9ooruum3,text-to-video,20,237,31,143,63,26,175,1431.4092,0
before,cmut39vpg002wfgbkutcla2hf,image-to-video,20,313,31,210,72,23,229,1604.6467000000002,0
before,cmut39vrn0033fgbkakp47l5u,image-to-video,20,384,31,288,65,17,278,1788.7783,0
before,cmut39vtp003afgbkdhbk41cc,image-to-video,20,474,32,359,83,28,293,1857.7725000000005,0
before,cmut39vw5003hfgbksx5nd92w,text-to-video,20,559,32,449,78,31,339,1965.8543999999997,0
before,cmut39vzc003pfgbkb8diooto,text-to-video,20,691,33,537,121,43,355,2151.8214,0
before,cmut39w3e003yfgbkmh4ecahk,text-to-video,20,836,33,664,139,44,217,2216.9541000000004,0
before,cmut39w770045fgbk67ytzk68,image-to-video,20,979,36,810,133,33,198,2364.8516000000004,0
before,cmut39wcb004ffgbk0bwqc0lc,text-to-video,20,1160,36,954,170,49,215,2468.2855999999997,0
before,cmut39wh7004qfgbkbiofmb97,image-to-video,20,1333,37,1136,160,39,202,2604.67,0
before,cmut39wkq0052fgbk8jer5ijo,image-to-video,20,1468,39,1306,123,50,231,2717.7964,0
before,cmut39woj005cfgbkzroqj6vo,text-to-video,20,1584,45,1432,107,33,244,2761.3812000000003,0
before,cmut39wrr005mfgbkl161cpdr,image-to-video,20,1708,48,1544,116,35,252,2917.4785,0
before,cmut39wvh005yfgbkjzsaohym,image-to-video,20,1833,49,1676,108,31,211,2944.0552,0
before,cmut39wyb0068fgbkiq7gus3i,text-to-video,20,1946,48,1793,105,42,207,3020.6179,0
before,cmut39x1t006ifgbkivx0583w,text-to-video,20,2067,52,1902,113,38,192,3040.6736,0
before,cmut39x5b006rfgbksmsv6k63,text-to-video,20,2202,53,2024,125,46,163,3120.5710000000004,0
before,cmut39x8w0073fgbk5zl6qzz1,image-to-video,20,2322,53,2158,111,34,155,3205.8594000000003,0
before,cmut39yb300awfgbkg6puw1qv,text-to-video,20,34,3,5,26,9,105,715.2333000000008,0
before,cmut39ybx00b0fgbkmkb150ko,text-to-video,20,63,2,36,25,9,94,755.3599000000004,0
before,cmut39ycr00b4fgbk4lv352rd,text-to-video,20,99,3,63,33,14,118,875.2094000000006,0
before,cmut39ydu00b9fgbkygs6ktw3,image-to-video,20,135,3,100,32,10,130,1018.3705,0
before,cmut39yf500bgfgbkha53zbi3,image-to-video,20,206,4,134,68,30,141,1169.6862,0
before,cmut39ygz00bnfgbkmxlkmooq,image-to-video,20,252,4,207,41,13,156,1257.9456,0
before,cmut39yig00bufgbkngv7wiup,text-to-video,20,309,4,253,52,19,195,1350.5028999999995,0
before,cmut39yk400c1fgbkbth5gk6q,text-to-video,20,371,5,311,55,19,193,1455.5884000000005,0
before,cmut39ym200c8fgbktdtp6wcj,image-to-video,20,447,5,372,70,24,195,1604.612,0
before,cmut39yo000cjfgbksseswpso,image-to-video,20,514,5,449,60,20,206,1673.7884000000004,0
before,cmut39ypz00csfgbkkzl9y0li,image-to-video,20,599,5,514,80,35,201,1764.2486,0
before,cmut39ysa00d1fgbkenodosyu,text-to-video,20,673,5,601,67,28,208,1825.3655000000008,0
before,cmut39yus00dbfgbkrpdeb3to,image-to-video,20,775,6,676,93,34,203,1908.2705999999998,0
before,cmut39yxf00dlfgbk2wpxpxpo,text-to-video,20,863,6,776,81,31,221,1939.8117000000002,0
before,cmut39z0700dxfgbky4n0lqp5,image-to-video,20,967,7,863,97,34,225,2032.135799999999,0
before,cmut39z3000e6fgbk6t1qmlqk,text-to-video,20,1062,7,966,89,31,186,2036.1115999999993,0
before,cmut39z5s00egfgbkb8lcn0fv,image-to-video,20,1165,7,1062,96,31,199,2119.3171999999995,0
before,cmut39z8j00erfgbkc7xj8ukg,text-to-video,20,1258,7,1170,81,27,179,2118.4340999999995,0
before,cmut39zb700f1fgbkduk19g0h,image-to-video,20,1364,9,1258,97,34,146,2182.6980999999996,0
before,cmut39ze800fbfgbkew19ivgd,text-to-video,20,1476,5,1368,103,34,146,2203.0633000000007,0
before,cmut3a0c100j9fgbk6a7dt7mx,image-to-video,20,34,3,3,28,9,82,731.2250000000004,0
before,cmut3a0cz00jefgbkbg9t21b0,text-to-video,20,67,3,35,29,9,95,806.9274000000005,0
before,cmut3a0es00jifgbkpelbzwjp,text-to-video,20,134,4,101,29,11,118,905.2974000000013,0
before,cmut3a0fu00jmfgbk3rlq6p2d,text-to-video,20,175,4,133,38,11,122,996.6823999999997,0
before,cmut3a0gy00jsfgbk8dap4ubt,image-to-video,20,212,4,174,34,10,140,1142.9992000000002,0
before,cmut3a0i000k0fgbk8uc9eaoq,image-to-video,20,254,4,212,38,13,172,1248.306199999999,0
before,cmut3a0j500k6fgbkk48eo3pd,text-to-video,20,293,4,253,36,13,168,1300.1998000000003,0
before,cmut3a0kk00kbfgbkz81wkfky,image-to-video,20,354,4,294,56,21,200,1449.6734000000015,0
before,cmut3a0m300kkfgbkqp13dd7p,text-to-video,20,412,5,353,54,21,203,1502.3217000000004,0
before,cmut3a0nx00ksfgbkhqxfhu0g,image-to-video,20,476,5,413,58,20,207,1608.4475000000002,0
before,cmut3a0pv00l1fgbkra9fuq5r,text-to-video,20,551,5,477,69,28,230,1706.377700000001,0
before,cmut3a0s700lbfgbk2h4aiebq,image-to-video,20,642,5,551,86,31,207,1902.2389000000003,0
before,cmut3a0un00lmfgbkp0b3577m,text-to-video,20,722,5,644,73,26,202,1925.0216,0
before,cmut3a0x000lvfgbkrtkob9xp,text-to-video,20,817,5,725,87,31,204,2022.0373999999993,0
before,cmut3a0zn00m5fgbkyh0ycktr,text-to-video,20,906,5,820,81,31,206,2099.1733999999997,0
before,cmut3a12g00mffgbkh4b558ij,image-to-video,20,1016,6,911,99,31,185,2294.5059999999994,0
before,cmut3a15d00mrfgbki1tr41dl,image-to-video,20,1117,6,1018,93,30,232,2329.0424999999996,0
before,cmut3a18800n3fgbkajvxybod,image-to-video,20,1219,6,1118,95,31,266,2390.6271000000015,0
before,cmut3a1b600nefgbkpxbsmi0v,image-to-video,20,1334,6,1220,108,39,237,2467.3518000000004,0
before,cmut3a1e300nnfgbkfbhwutp6,text-to-video,20,1427,6,1337,84,31,216,2474.1677999999993,0
before,cmut3a2u200rmfgbkgahvogdk,text-to-video,20,46,3,4,39,11,190,1135.0825999999997,0
before,cmut3a2v400rqfgbkdpff7qvt,text-to-video,20,85,4,46,35,13,211,1250.8401000000013,0
before,cmut3a2w600rufgbkbg52fyf5,text-to-video,20,124,4,85,35,14,188,1420.3510000000006,0
before,cmut3a2xq00ryfgbkw5plhtl2,text-to-video,20,197,4,125,68,21,185,1602.7685999999994,0
before,cmut3a2zv00s4fgbk7k1gm9rx,text-to-video,20,267,4,201,62,22,225,1710.4237999999987,0
before,cmut3a32700sbfgbkn96mk3v5,image-to-video,20,372,5,275,92,40,279,1887.1045000000013,0
before,cmut3a35d00shfgbkknta7k05,text-to-video,20,477,5,382,90,35,298,1970.1119999999992,0
before,cmut3a38700smfgbksnbk7fvf,text-to-video,20,580,5,501,74,36,290,2090.3827,0
before,cmut3a3as00sxfgbk9k14zp98,image-to-video,20,664,5,584,75,24,281,2329.6594999999998,0
before,cmut3a3d900t6fgbk4qyat6zt,image-to-video,20,773,5,665,103,41,270,2514.3292,0
before,cmut3a3h400tefgbkqu8440y0,image-to-video,20,907,5,775,127,34,287,2641.3107999999993,0
before,cmut3a3kt00tpfgbktm0rapwp,text-to-video,20,1054,6,911,137,45,270,2716.4070999999985,0
before,cmut3a3os00twfgbkasb8bk2b,image-to-video,20,1202,6,1058,138,46,280,2838.9791999999998,0
before,cmut3a3sf00u7fgbk5ary2zpv,text-to-video,20,1349,6,1207,136,70,264,2933.2875000000004,0
before,cmut3a3x200ujfgbkemboy88p,image-to-video,20,1487,6,1352,129,43,282,3103.8189,0
before,cmut3a41400utfgbkg6mhgz93,image-to-video,20,1639,6,1498,135,42,315,3190.0654000000013,0
before,cmut3a45f00v5fgbkhn0y6aqj,image-to-video,20,1801,6,1651,144,51,290,3226.481600000001,0
before,cmut3a49l00vgfgbkm1ae7ia8,image-to-video,20,1938,7,1812,119,41,282,3294.044100000001,0
before,cmut3a4d800vrfgbkn8eqa054,text-to-video,20,2079,7,1944,128,46,220,3322.1154000000006,0
before,cmut3a4hb00w0fgbklqbhf83p,image-to-video,20,2232,7,2088,137,56,218,3394.3407000000007,0
before,cmut3a5u200zyfgbke7h7j42a,image-to-video,20,36,2,4,30,11,119,921.8054000000011,0
before,cmut3a5ux0103fgbk1y023trf,text-to-video,20,67,3,36,28,12,120,946.1978999999992,0
before,cmut3a5vv0107fgbkifqz6h05,text-to-video,20,99,3,67,29,10,149,1061.8987000000016,0
before,cmut3a5xi010bfgbkazs55xnm,image-to-video,20,162,3,125,34,12,166,1251.2304999999997,0
before,cmut3a5yn010ifgbkni9suijs,image-to-video,20,207,3,161,43,14,185,1452.4055999999982,0
before,cmut3a5zz010qfgbkx8qjttay,text-to-video,20,255,4,209,42,16,210,1499.7785999999996,0
before,cmut3a61d010vfgbke0atguh6,text-to-video,20,315,4,257,54,26,208,1613.4719000000023,0
before,cmut3a6360110fgbk5w0ptbnd,text-to-video,20,403,4,322,77,46,279,1809.1921999999995,0
before,cmut3a66e011afgbksoy6zjca,image-to-video,20,495,4,415,76,24,260,1930.3332999999984,0
before,cmut3a68n011lfgbk9s9bsvnu,text-to-video,20,588,4,497,87,34,266,1990.0710000000017,0
before,cmut3a6bb011rfgbkvp1oy0l0,image-to-video,20,689,5,590,94,34,282,2139.4560999999994,0
before,cmut3a6ee0120fgbk2cnxsn4x,image-to-video,20,797,5,690,102,33,270,2223.9088999999985,0
before,cmut3a6h3012cfgbklps8pe21,text-to-video,20,893,5,800,88,38,280,2279.4393,0
before,cmut3a6k4012nfgbksaeyknb9,text-to-video,20,1019,5,899,115,50,255,2331.0082999999995,0
before,cmut3a6nl012vfgbkzllmvboh,text-to-video,20,1126,5,1022,99,36,249,2409.4561999999987,0
before,cmut3a6r20134fgbkozvaveh8,image-to-video,20,1264,5,1131,128,45,272,2500.935299999999,0
before,cmut3a6vh013ifgbkfdmqfde0,image-to-video,20,1438,5,1268,165,58,197,2531.637700000001,0
before,cmut3a6zm013tfgbk6f2otzqr,image-to-video,20,1586,6,1441,139,57,201,2572.9212000000007,0
before,cmut3a74i0145fgbkfeek2s2f,image-to-video,20,1752,6,1595,151,47,199,2617.0986999999986,0
before,cmut3a78e014jfgbkalhphxlt,text-to-video,20,1887,6,1754,127,46,160,2628.4362999999994,0
before,cmut3a86l018cfgbkw6g8bxfv,text-to-video,20,28,3,4,21,8,90,648.3928999999989,0
before,cmut3a87g018gfgbk6ryvku8v,image-to-video,20,62,3,29,30,8,99,807.1245000000017,0
before,cmut3a88f018lfgbk770kaq98,text-to-video,20,100,4,61,35,13,110,865.0059000000001,0
before,cmut3a89k018qfgbkkav6pqzy,image-to-video,20,139,4,103,32,10,116,961.6428999999989,0
before,cmut3a8aj018wfgbkkwqq17nv,text-to-video,20,179,5,136,38,17,128,1038.0316999999995,0
before,cmut3a8bu0192fgbkyd1fy9eo,image-to-video,20,225,4,180,41,14,158,1170.458999999999,0
before,cmut3a8d80199fgbkd0xkqz8p,image-to-video,20,281,5,228,48,18,179,1282.831199999997,0
before,cmut3a8eq019ifgbk3nje8lfp,image-to-video,20,331,5,279,47,16,203,1421.3410000000003,0
before,cmut3a8gb019pfgbk9k3gicqk,image-to-video,20,391,5,331,55,18,219,1535.9975000000013,0
before,cmut3a8hx019xfgbkx05x1gle,text-to-video,20,453,6,394,53,22,220,1596.0535999999993,0
before,cmut3a8jv01a5fgbks3zjae2w,image-to-video,20,528,6,452,70,25,182,1697.633600000001,0
before,cmut3a8ly01agfgbklc2czhrx,text-to-video,20,609,6,533,70,34,190,1752.7481999999982,0
before,cmut3a8ob01apfgbkthhrro7f,text-to-video,20,697,6,611,80,37,195,1827.9516000000003,0
before,cmut3a8r501azfgbktwky05sj,image-to-video,20,797,6,697,94,32,220,1910.7114000000001,0
before,cmut3a8tt01bcfgbksukhfoo1,image-to-video,20,888,6,796,86,26,218,1958.2486000000026,0
before,cmut3a8wa01bofgbkmeaf23u3,text-to-video,20,978,6,890,82,30,206,1985.3011000000006,0
before,cmut3a8yl01byfgbkjjqqmgnj,text-to-video,20,1062,7,978,77,31,205,2037.9701000000023,0
before,cmut3a91101c6fgbkxdpesjuk,text-to-video,20,1148,7,1063,78,31,207,2084.2142999999996,0
before,cmut3a93n01cgfgbk0e5weihn,image-to-video,20,1258,7,1152,99,43,176,2136.0524000000005,0
before,cmut3a96h01csfgbkwvwh7as4,text-to-video,20,1349,7,1259,83,35,180,2155.5563999999977,0
before,cmut3aaah01grfgbkqbkbf5iv,text-to-video,20,67,11,8,48,19,187,1176.4185000000034,0
before,cmut3aabz01gvfgbksr692kpv,text-to-video,20,123,12,62,49,22,212,1321.8778999999995,0
before,cmut3aadb01gzfgbkovrrykvv,image-to-video,20,170,12,115,43,17,189,1462.7557000000015,0
before,cmut3aaen01h5fgbk0c71jfu7,text-to-video,20,209,11,167,31,12,207,1560.668700000002,0
before,cmut3aafo01hafgbk3ovzv3x5,text-to-video,20,258,12,199,47,21,212,1739.5390999999981,0
before,cmut3aahx01hffgbk1qj310lu,text-to-video,20,354,11,264,79,36,261,1875.1276999999973,0
before,cmut3aakq01hmfgbkriia1lwn,image-to-video,20,463,11,347,105,34,329,2025.0794000000024,0
before,cmut3aaqg01i3fgbk7a1h1nxp,text-to-video,20,647,12,564,71,22,348,2274.5407000000014,0
before,cmut3aanv01hufgbk17eaohwc,image-to-video,20,568,12,458,98,31,373,2266.559799999999,0
before,cmut3aawh01iifgbkze3ztwk4,text-to-video,20,878,12,760,106,36,292,2453.3812,0
before,cmut3aasu01iafgbkwa84eb7x,image-to-video,20,765,13,645,107,52,276,2450.9869,0
before,cmut3aazw01isfgbkqc06pj6f,text-to-video,20,1024,12,883,129,60,323,2559.4753999999994,0
before,cmut3ab4801j2fgbkwoakugmc,image-to-video,20,1179,13,1023,143,50,207,2701.5380000000005,0
before,cmut3ab9m01jffgbk4g4vhfkw,image-to-video,20,1362,12,1180,170,38,272,2773.8351000000002,0
before,cmut3abdc01jrfgbk6bv2k5wj,image-to-video,20,1494,13,1362,119,42,325,2832.5314,0
before,cmut3abgq01k1fgbk7zw072qs,text-to-video,20,1641,14,1495,132,60,331,2859.3903000000028,0
before,cmut3abm701kafgbkpvfz48yc,text-to-video,20,1803,13,1638,152,35,234,2905.0692000000017,0
before,cmut3abp601kmfgbkkjskmj68,image-to-video,20,1911,14,1795,102,35,176,2993.525300000001,0
before,cmut3abrx01kwfgbk1zgd4ipl,image-to-video,20,2019,15,1908,96,40,176,3023.027399999999,0
before,cmut3abwu01l8fgbk3vogp07q,image-to-video,20,2215,14,2015,186,62,158,3085.4604,0
before,cmut3ad3401p7fgbkparfimu0,image-to-video,20,66,6,6,54,13,142,1127.554400000001,0
before,cmut3ad4g01pcfgbk7rsytver,text-to-video,20,113,7,63,43,15,172,1209.3294999999998,0
before,cmut3ad7b01plfgbk4c3rm8x1,text-to-video,20,227,8,165,54,25,162,1494.604199999998,0
before,cmut3ad5y01pgfgbkjaoregx3,image-to-video,20,168,8,109,51,16,206,1491.5514999999978,0
before,cmut3ad8z01pqfgbk0db09ijd,text-to-video,20,277,8,229,40,15,204,1613.6828999999998,0
before,cmut3addg01q5fgbkktoqrzpu,text-to-video,20,433,9,372,52,9,251,1898.5610000000015,0
before,cmut3adbe01pxfgbksyvmdq6o,image-to-video,20,376,9,280,87,17,248,1926.0712000000021,0
before,cmut3adfv01qbfgbkd9bh1c5e,image-to-video,20,527,9,462,56,16,287,2103.379799999999,0
before,cmut3adhw01qkfgbk3gy3524l,text-to-video,20,600,9,523,68,18,319,2147.6756000000023,0
before,cmut3adk501qqfgbkfeaj96q3,image-to-video,20,704,12,596,96,34,292,2319.8050999999978,0
before,cmut3adnt01r1fgbkeyh3hg8n,image-to-video,20,829,11,703,115,29,315,2482.2458000000006,0
before,cmut3adqt01rdfgbksuowzrvg,text-to-video,20,937,12,825,100,32,292,2527.3822,0
before,cmut3adu701rkfgbkdhlnjjfc,text-to-video,20,1058,10,949,99,33,269,2594.4961999999978,0
before,cmut3adya01rrfgbkpoweh0ka,image-to-video,20,1239,10,1067,162,58,311,2720.8626000000004,0
before,cmut3ae3101s5fgbkxeowhit7,text-to-video,20,1399,11,1263,125,54,304,2734.962599999999,0
before,cmut3ae6y01skfgbk888z3h5w,image-to-video,20,1535,10,1398,127,44,283,2826.1785999999993,0
before,cmut3aeaq01ssfgbkp2ud60bd,image-to-video,20,1668,12,1533,123,42,245,2872.7212999999974,0
before,cmut3aee201t3fgbkj7xzoa5r,text-to-video,20,1781,11,1668,102,37,221,2898.0107000000025,0
before,cmut3aehl01tefgbkwlfuxdv0,text-to-video,20,1917,11,1777,129,49,208,2947.7019,0
before,cmut3aelb01tnfgbkrbmxfer5,image-to-video,20,2058,11,1916,131,49,156,3006.5717000000004,0
before,cmut3aftn01xnfgbkjiryhxf1,text-to-video,20,53,3,4,46,20,108,1025.170100000003,0
before,cmut3afv901xrfgbkz5xjxt5f,image-to-video,20,104,3,55,46,12,152,1266.4458000000013,0
before,cmut3afwe01xwfgbk8k5nrvnw,text-to-video,20,140,5,105,30,10,187,1361.4677999999985,0
before,cmut3afx901y0fgbkwbqhuq8a,text-to-video,20,179,5,138,36,19,252,1640.124399999997,0
before,cmut3afyq01y6fgbk4jlwtu0n,text-to-video,20,224,4,183,37,10,258,1900.9339,0
before,cmut3afzq01ybfgbktgyee1ef,image-to-video,20,265,5,223,37,13,275,1971.4696000000004,0
before,cmut3ag1a01yifgbkccbcfd5b,text-to-video,20,330,4,266,60,24,274,2143.4261000000006,0
before,cmut3ag3201ypfgbk735d0i64,image-to-video,20,409,5,329,75,32,328,2386.439300000002,0
before,cmut3ag6801yyfgbk8o5f4oca,text-to-video,20,521,5,414,102,36,412,2510.2377000000015,0
before,cmut3ag9b01z5fgbkfzb8m950,text-to-video,20,642,4,534,104,38,492,2634.8428999999996,0
before,cmut3agd401zefgbkwqax2s3c,image-to-video,20,766,5,645,116,30,420,2780.7441,0
before,cmut3agh101zpfgbk1u3z2t26,image-to-video,20,930,5,774,151,47,370,2865.7415,0
before,cmut3agkr01zzfgbk0cy9b1o4,text-to-video,20,1057,5,937,115,47,356,2975.9617,0
before,cmut3agot0208fgbk4e5kj7te,text-to-video,20,1217,6,1070,141,61,392,3041.191200000001,0
before,cmut3agtt020ifgbklvtc9ezd,image-to-video,20,1474,6,1227,241,126,296,3131.541599999997,0
before,cmut3ah1f020ufgbkpmgtf7qe,image-to-video,20,1668,6,1488,174,53,297,3171.3513999999996,0
before,cmut3ah6r0216fgbkd5x5y5qp,text-to-video,20,1862,6,1693,163,57,310,3217.5308000000005,0
before,cmut3ahc0021gfgbkae9yiixd,image-to-video,20,2049,6,1895,148,51,218,3299.0901000000013,0
before,cmut3ahgr021rfgbkh0rhu8cr,image-to-video,20,2223,7,2058,158,60,234,3350.590799999998,0
before,cmut3ahld0226fgbk4r0jpct0,image-to-video,20,2383,7,2227,149,52,213,3385.972600000001,0
before,cmut3air80262fgbk3ca865fj,text-to-video,20,30,3,4,23,9,129,782.6952999999994,0
before,cmut3ais10266fgbkdde5tigl,image-to-video,20,61,4,28,29,10,130,967.4098999999987,0
before,cmut3ait3026bfgbkh4zi2s3p,image-to-video,20,109,4,60,45,17,118,1089.4691999999995,0
before,cmut3aiut026hfgbkcwu9xbuv,text-to-video,20,178,5,111,62,27,137,1238.5357000000004,0
before,cmut3aiwr026nfgbk818dzr3p,image-to-video,20,240,5,177,58,15,197,1404.5553,0
before,cmut3aiye026tfgbktb2y69x9,text-to-video,20,306,5,240,61,26,206,1449.4184999999998,0
before,cmut3aj060270fgbkjc5jnu90,image-to-video,20,367,5,307,55,16,217,1597.7301999999981,0
before,cmut3aj1n0278fgbkpx7add5j,text-to-video,20,420,5,366,49,24,230,1657.4021999999968,0
before,cmut3aj3f027dfgbkfmksaw72,text-to-video,20,480,6,418,56,20,236,1724.8973000000042,0
before,cmut3aj58027mfgbk3txah5wt,image-to-video,20,568,6,480,82,35,321,1943.3025999999954,0
before,cmut3aj7o027vfgbkpmh5ybvf,text-to-video,20,660,6,568,86,41,296,2004.392399999997,0
before,cmut3ajao0285fgbk3efg7dqr,text-to-video,20,757,6,664,87,34,204,2056.556000000004,0
before,cmut3ajda028efgbk6utdj4cc,image-to-video,20,864,6,758,100,39,209,2177.640299999999,0
before,cmut3ajgq028ofgbks46f539v,text-to-video,20,972,6,867,99,32,220,2200.7446999999956,0
before,cmut3ajjx0290fgbk6wkrqgs9,image-to-video,20,1125,6,976,143,55,230,2305.326000000001,0
before,cmut3ajon029dfgbkesbkz1yi,image-to-video,20,1259,6,1133,120,32,240,2354.1428000000014,0
before,cmut3ajrf029mfgbkxb675rxh,image-to-video,20,1361,6,1262,93,33,223,2396.4448000000048,0
before,cmut3aju6029xfgbkcqwzu9vh,text-to-video,20,1457,6,1363,88,34,190,2416.018299999996,0
before,cmut3ajws02a7fgbkuc1c53v0,text-to-video,20,1552,6,1458,88,34,175,2459.990399999995,0
before,cmut3ajzu02ahfgbkfjwkmfy7,image-to-video,20,1669,7,1556,106,34,134,2536.0691000000006,0
after,cmut3lx94002iqgbkkh7cccxu,text-to-video,20,104,10,2,86,23,119,1270.4748999999997,0
after,cmut3lxb0002mqgbkpg09ixkl,image-to-video,20,176,28,77,66,24,146,1455.6959000000002,0
after,cmut3lxci002rqgbkdt7b9x8k,text-to-video,20,222,26,146,42,18,147,1487.0249000000003,0
after,cmut3lxe5002vqgbkotbhzy8p,image-to-video,20,285,27,190,59,23,197,1752.7263999999996,0
after,cmut3lxft0031qgbkk79psobh,text-to-video,20,350,28,251,61,30,181,1780.4642000000003,0
after,cmut3lxhe0038qgbktllwohf1,text-to-video,20,402,28,316,47,22,251,1904.1991000000003,0
after,cmut3lxj7003eqgbkoy6044kp,image-to-video,20,474,31,368,65,27,352,2060.7601,0
after,cmut3lxky003kqgbkmaval7od,text-to-video,20,539,33,435,60,31,363,2097.146,0
after,cmut3lxnc003sqgbk4ouqv1df,image-to-video,20,632,34,497,87,37,405,2306.4377,0
after,cmut3lxpu0043qgbkt4re0gmt,image-to-video,20,719,35,591,80,34,277,2366.7618,0
after,cmut3lxrw004aqgbkt4mm9lw7,text-to-video,20,799,35,676,73,43,253,2374.3299000000006,0
after,cmut3lxut004gqgbk9jylv3lj,image-to-video,20,932,40,756,124,62,263,2501.0267000000003,0
after,cmut3lxyr004rqgbkp7xg0l4b,text-to-video,20,1072,41,893,127,61,262,2523.8002,0
after,cmut3ly2o004yqgbk109xm53c,text-to-video,20,1218,42,1034,131,69,243,2588.0431,0
after,cmut3ly7a0058qgbky5szdv9e,image-to-video,20,1411,42,1179,179,80,228,2652.3441000000003,0
after,cmut3lybq005kqgbk987h7ryp,text-to-video,20,1520,48,1372,94,48,227,2654.2158999999997,0
after,cmut3lyhh0061qgbkxhgp16lm,text-to-video,20,1724,46,1586,82,47,202,2727.0164,0
after,cmut3lyep005uqgbki9t66b2r,image-to-video,20,1631,46,1472,104,46,249,2728.6524,0
after,cmut3lykc006bqgbkr922oud2,image-to-video,20,1840,49,1677,107,53,168,2767.6432,0
after,cmut3lynp006pqgbkqfr5ngr9,image-to-video,20,1958,49,1795,106,49,155,2802.8726,0
after,cmut3lzom00awqgbkx8reysgt,text-to-video,20,36,3,6,20,9,122,1033.2707,0
after,cmut3lzp800b0qgbkqqzrk2qp,text-to-video,20,58,4,31,17,9,120,1116.1193999999996,0
after,cmut3lzpz00b4qgbkav0dt8gt,image-to-video,20,94,4,49,33,16,191,1327.9190000000008,0
after,cmut3lzqt00b9qgbk4l74l5cq,text-to-video,20,118,6,85,20,10,195,1445.9034999999994,0
after,cmut3lzrj00beqgbka5n16g8n,text-to-video,20,150,7,108,29,17,224,1482.0500000000002,0
after,cmut3lzsl00bjqgbkmxsv9bbv,image-to-video,20,197,7,140,44,23,207,1607.7867000000006,0
after,cmut3lzu700bqqgbk5dwkhw83,image-to-video,20,252,4,189,50,18,260,1718.0244999999995,0
after,cmut3lzva00bxqgbkb3o8stlg,text-to-video,20,284,5,242,28,17,271,1725.8486000000003,0
after,cmut3lzw800c2qgbkxyi99nbw,text-to-video,20,324,5,274,36,21,331,1796.3847999999998,0
after,cmut3lzxk00c8qgbkv4r7pd79,image-to-video,20,375,7,314,47,22,403,1976.2374999999993,0
after,cmut3lzzd00chqgbk8k2hbr0d,image-to-video,20,461,6,369,78,42,280,1992.058,0
after,cmut3m01n00cqqgbk0wr75pmv,text-to-video,20,533,6,454,64,33,294,2010.8962999999994,0
after,cmut3m03e00cvqgbko4a6hpc5,text-to-video,20,601,6,526,60,41,289,2033.7187000000004,0
after,cmut3m05m00d6qgbkbj8yy2ol,image-to-video,20,684,5,597,72,39,285,2143.3428999999996,0
after,cmut3m08900dfqgbkk7uhwpag,image-to-video,20,784,7,677,91,43,258,2182.5175,0
after,cmut3m0bp00dpqgbkxza58448,image-to-video,20,936,7,787,133,70,247,2217.7933000000003,0
after,cmut3m0fi00e0qgbk58xnqs4g,text-to-video,20,1037,5,948,73,38,229,2237.0393999999997,0
after,cmut3m0i200ecqgbk12ac2qg6,text-to-video,20,1132,9,1028,86,40,220,2254.4938,0
after,cmut3m0lk00ekqgbkr0k99g6c,image-to-video,20,1272,6,1144,111,48,196,2305.9294,0
after,cmut3m0or00etqgbkjag45b03,image-to-video,20,1379,7,1265,97,41,197,2333.0361999999996,0
after,cmut3m1vz00jaqgbk22t2v812,image-to-video,20,40,3,4,28,10,117,917.5292000000009,0
after,cmut3m1wy00jfqgbkfhf23kw2,image-to-video,20,73,3,36,29,10,126,1055.9943999999996,0
after,cmut3m1xk00jkqgbk5w0be33y,text-to-video,20,98,3,67,22,14,135,1074.9202999999998,0
after,cmut3m1yn00joqgbk1q4t58c6,image-to-video,20,136,3,97,30,11,146,1214.7763999999988,0
after,cmut3m1zg00jtqgbkucim67ou,text-to-video,20,166,4,131,26,13,152,1256.336800000001,0
after,cmut3m20700jyqgbk3qocnxgh,text-to-video,20,193,4,161,23,14,167,1326.4503000000004,0
after,cmut3m21300k3qgbk3ecp8k2e,text-to-video,20,234,4,188,37,19,192,1388.7002999999986,0
after,cmut3m23m00khqgbku9pt0max,text-to-video,20,322,5,279,33,19,213,1526.4004000000004,0
after,cmut3m22l00k9qgbkmzlpi8l1,image-to-video,20,285,5,228,47,16,219,1529.4364999999998,0
after,cmut3m24t00kmqgbkgl48og6c,image-to-video,20,378,4,316,52,25,235,1635.1972999999998,0
after,cmut3m26d00kvqgbkv2c0nrbk,text-to-video,20,429,4,373,46,26,250,1675.3084999999992,0
after,cmut3m27t00l3qgbk4p1xbsez,text-to-video,20,482,6,428,44,27,258,1725.5307999999986,0
after,cmut3m29f00ldqgbk374ohvlc,image-to-video,20,542,6,477,55,26,301,1833.2579999999998,0
after,cmut3m2b100liqgbkfu43gixr,text-to-video,20,605,6,539,55,33,294,1833.8117999999995,0
after,cmut3m2d500ltqgbkb2ovipg9,image-to-video,20,679,6,608,60,30,246,1891.3048000000017,0
after,cmut3m2f200m2qgbku04ac2cz,image-to-video,20,760,7,674,75,37,230,1945.677099999999,0
after,cmut3m2ha00mcqgbkz58mhj29,text-to-video,20,843,7,761,71,41,221,1945.0566,0
after,cmut3m2jo00mlqgbk1m5cke1i,text-to-video,20,918,7,841,66,35,204,1982.1615000000002,0
after,cmut3m2lv00muqgbk504315ew,image-to-video,20,1012,7,915,86,45,179,2019.4408999999996,0
after,cmut3m2on00n6qgbk5mnaaomw,image-to-video,20,1114,8,1009,93,45,169,2037.4966000000004,0
after,cmut3m3r300roqgbkuqdjmc4z,image-to-video,20,31,2,3,21,10,131,887.7098000000005,0
after,cmut3m3rr00rtqgbk5n0zvoad,text-to-video,20,53,3,28,18,9,134,904.9940000000006,0
after,cmut3m3sa00rxqgbku8eb6hxv,text-to-video,20,73,3,49,17,10,136,1014.8814999999995,0
after,cmut3m3sw00s1qgbki1h3f0u9,text-to-video,20,95,3,70,17,10,141,1100.3948999999993,0
after,cmut3m3us00sbqgbkvvlt9qvu,text-to-video,20,171,4,136,27,18,170,1282.2451,0
after,cmut3m3tp00s5qgbksliq3m1r,image-to-video,20,135,4,90,37,19,168,1281.5128000000004,0
after,cmut3m3vt00shqgbka9zpewf6,image-to-video,20,208,4,167,33,15,187,1386.7106999999996,0
after,cmut3m3x100spqgbk9hl3noq8,text-to-video,20,254,4,211,35,19,202,1461.9737000000005,0
after,cmut3m3y200suqgbkfgv95q9m,text-to-video,20,299,4,250,41,26,236,1533.8356000000003,0
after,cmut3m3zo00t1qgbk0f0va25h,image-to-video,20,355,5,296,50,21,221,1618.6154999999999,0
after,cmut3m41200t6qgbkh9kkw9cx,image-to-video,20,405,5,352,44,22,247,1671.9494000000013,0
after,cmut3m42k00tiqgbkq0bvfbmk,image-to-video,20,466,5,403,54,28,260,1734.2055999999993,0
after,cmut3m44g00tsqgbk5ck6f5o4,image-to-video,20,531,5,464,58,24,263,1789.8333000000002,0
after,cmut3m46000u0qgbkgu4s95b1,text-to-video,20,592,5,529,54,31,276,1790.4081999999999,0
after,cmut3m47u00u6qgbk6c0bouvw,image-to-video,20,664,6,590,65,33,240,1868.8333000000002,0
after,cmut3m4a500ujqgbkgyltu7jk,image-to-video,20,744,6,667,68,31,205,1918.0285999999996,0
after,cmut3m4c100uqqgbk18v02pgr,text-to-video,20,810,6,743,57,33,211,1917.5385000000006,0
after,cmut3m4gi00vcqgbknhdkly9b,text-to-video,20,986,7,899,77,47,182,1964.8899000000001,0
after,cmut3m4ed00v5qgbkm2px4cqh,image-to-video,20,901,6,809,82,36,186,1964.4203000000016,0
after,cmut3m4j200vlqgbkrq5rk6wi,text-to-video,20,1083,10,989,83,51,177,2004.2162000000008,0
after,cmut3m5lv0101qgbkywe7u3vd,text-to-video,20,31,3,3,20,9,91,724.0133999999998,0
after,cmut3m5mf0105qgbk092ckr5u,text-to-video,20,49,3,26,15,8,114,846.2011999999995,0
after,cmut3m5nm010eqgbkk214e3z4,text-to-video,20,93,4,68,17,9,123,966.4083999999984,0
after,cmut3m5mz0109qgbkkq4b36yq,image-to-video,20,72,3,43,21,10,123,974.5504000000001,0
after,cmut3m5o9010jqgbk59raq15q,image-to-video,20,124,4,87,28,16,156,1121.830100000001,0
after,cmut3m5p6010pqgbk2myygusj,image-to-video,20,156,4,118,29,13,171,1197.7448000000004,0
after,cmut3m5q6010wqgbkjtemnmet,image-to-video,20,192,4,152,31,14,195,1287.4292000000005,0
after,cmut3m5r20114qgbk2wtssn7k,image-to-video,20,225,5,186,30,14,210,1363.3469000000005,0
after,cmut3m5s3011bqgbkvr6i2igy,image-to-video,20,264,5,220,35,16,209,1423.4074999999993,0
after,cmut3m5tc011hqgbkjlpii48s,image-to-video,20,313,5,263,41,20,216,1493.9116000000013,0
after,cmut3m5us011qqgbkqcqt89m6,image-to-video,20,370,6,307,53,25,230,1548.0948000000008,0
after,cmut3m5w8011zqgbktgq6p9bo,text-to-video,20,417,6,369,38,21,231,1574.4208999999992,0
after,cmut3m5xi0129qgbk2wy3txjt,text-to-video,20,479,6,415,54,37,249,1626.2596999999987,0
after,cmut3m5z9012fqgbk6afwz3rv,text-to-video,20,540,6,474,56,29,233,1669.3001999999997,0
after,cmut3m617012oqgbk6fhluocq,image-to-video,20,620,7,539,71,40,218,1739.5755999999983,0
after,cmut3m63a012wqgbkee5n1s4k,text-to-video,20,685,6,616,58,35,217,1753.942799999999,0
after,cmut3m6540134qgbku7rq61k7,text-to-video,20,754,7,681,62,37,201,1775.3446999999996,0
after,cmut3m671013fqgbk6q1zqlf6,text-to-video,20,823,7,751,61,38,226,1803.7335999999996,0
after,cmut3m68z013oqgbkwn1y6w2q,text-to-video,20,894,7,819,64,37,183,1820.1747000000014,0
after,cmut3m6bb013yqgbkvbxwg4oy,image-to-video,20,979,8,892,76,34,167,1855.7214000000004,0
after,cmut3m7bj018fqgbkewi6eh1o,text-to-video,20,29,2,4,20,11,92,747.1107999999986,0
after,cmut3m7c4018jqgbk4fdidmel,text-to-video,20,49,3,26,16,9,102,797.9295000000002,0
after,cmut3m7cp018nqgbkx0b4fm0h,image-to-video,20,73,2,45,22,12,120,966.7873,0
after,cmut3m7dh018sqgbk92tknch2,image-to-video,20,103,4,72,24,9,135,1056.388500000001,0
after,cmut3m7ef018yqgbkhd6kizbs,image-to-video,20,135,3,101,28,12,154,1162.736899999998,0
after,cmut3m7f30194qgbkkfaxgxo1,text-to-video,20,161,3,132,23,14,161,1185.1821000000018,0
after,cmut3m7fz019aqgbkjeipwtod,text-to-video,20,194,4,158,28,13,170,1240.8509000000013,0
after,cmut3m7gw019fqgbkmkudnao3,image-to-video,20,231,4,190,33,16,205,1356.5436000000009,0
after,cmut3m7i0019mqgbkvmc7uk7r,image-to-video,20,275,3,227,41,20,224,1430.2548000000006,0
after,cmut3m7j4019tqgbkkqu9jysw,text-to-video,20,311,5,272,31,17,218,1445.366,0
after,cmut3m7k501a0qgbk44mceq7l,text-to-video,20,351,4,307,37,20,220,1502.9567000000025,0
after,cmut3m7li01a9qgbkwb4m73t2,image-to-video,20,403,4,350,46,22,239,1578.5793000000012,0
after,cmut3m7n001agqgbkp7btwhh7,image-to-video,20,466,4,402,56,28,230,1632.7997000000014,0
after,cmut3m7ol01aoqgbklaaiese6,text-to-video,20,517,5,464,44,26,230,1637.6051999999981,0
after,cmut3m7q101awqgbk3ddld2ua,text-to-video,20,571,4,514,49,28,255,1695.2577,0
after,cmut3m7rq01b4qgbk6uwfly2l,text-to-video,20,645,5,571,66,40,247,1722.4934000000012,0
after,cmut3m7ty01bfqgbk6jaff1gs,image-to-video,20,721,5,646,67,33,199,1764.0455999999995,0
after,cmut3m7vy01boqgbkr65tf9b4,text-to-video,20,795,5,723,63,39,200,1773.5415000000012,0
after,cmut3m7ya01byqgbk9hbe7z3h,image-to-video,20,881,5,796,76,36,173,1817.032299999999,0
after,cmut3m80o01cbqgbkga9fet0w,image-to-video,20,969,10,877,80,34,170,1835.8707999999988,0
after,cmut3m91h01gtqgbkpi3rwj3j,image-to-video,20,32,4,3,20,8,107,820.8044999999984,0
after,cmut3m92501gyqgbkn96p93t8,image-to-video,20,55,3,24,21,8,116,936.041699999998,0
after,cmut3m92s01h3qgbkjrbprgda,text-to-video,20,78,3,51,17,8,128,1001.0819999999985,0
after,cmut3m93d01h7qgbkwf31v0me,text-to-video,20,103,3,72,21,13,148,1093.254499999999,0
after,cmut3m94301hbqgbkmo5g17um,text-to-video,20,127,3,95,22,10,143,1156.741900000001,0
after,cmut3m94t01hgqgbku4vns6ix,text-to-video,20,155,5,120,25,12,167,1243.099299999998,0
after,cmut3m95m01hmqgbkshm1xap2,text-to-video,20,191,4,152,29,18,169,1296.4163000000008,0
after,cmut3m96m01hrqgbkqbft2mxu,image-to-video,20,228,4,183,34,18,202,1429.5172999999995,0
after,cmut3m97s01i0qgbk49z42w69,image-to-video,20,271,4,221,39,17,227,1487.8581999999988,0
after,cmut3m98x01i6qgbk2dpub54z,text-to-video,20,311,6,265,35,20,236,1524.0373,0
after,cmut3m9a901icqgbkus7p3wi5,image-to-video,20,368,7,307,50,26,305,1637.5969000000005,0
after,cmut3m9bv01ilqgbkrg7u1a5q,image-to-video,20,425,7,364,50,24,262,1669.5157,0
after,cmut3m9dg01iwqgbke21qs1q5,image-to-video,20,486,8,421,54,29,246,1704.9657999999981,0
after,cmut3m9f101j5qgbkt8khq6ep,text-to-video,20,542,7,482,49,31,245,1711.9415000000008,0
after,cmut3m9gn01jdqgbkb1js99gq,text-to-video,20,604,8,536,56,34,232,1751.2230000000018,0
after,cmut3m9ie01jkqgbklu0xlo6k,text-to-video,20,665,8,600,53,29,218,1802.6481999999996,0
after,cmut3m9ka01jtqgbkn0u66zz9,text-to-video,20,743,8,661,70,37,223,1851.4170999999988,0
after,cmut3m9ml01k0qgbk2bk6ooqn,image-to-video,20,837,9,742,83,40,186,1892.875,0
after,cmut3m9pf01keqgbkydheulq0,image-to-video,20,937,9,835,90,45,181,1944.578800000003,0
after,cmut3m9s401kqqgbk4ja8izh8,image-to-video,20,1032,9,934,86,41,171,1960.8047000000006,0
after,cmut3mavg01p6qgbkp6hc420x,text-to-video,20,27,2,3,16,8,106,793.6104999999989,0
after,cmut3mavz01paqgbkp9jzj7f3,text-to-video,20,49,3,22,19,11,103,864.4428999999982,0
after,cmut3mawl01peqgbkbotjowd5,image-to-video,20,70,4,43,19,8,128,1039.3630000000012,0
after,cmut3max901pjqgbksyaz8h8m,image-to-video,20,101,4,66,26,16,148,1147.9837000000007,0
after,cmut3may401ppqgbk54ng900b,image-to-video,20,126,5,96,21,10,171,1231.0707999999977,0
after,cmut3mayp01pvqgbk6ir9cpqw,text-to-video,20,149,4,119,21,12,188,1267.0728000000017,0
after,cmut3mazo01q0qgbk3jrc422w,image-to-video,20,191,7,142,39,15,220,1376.7754999999997,0
after,cmut3mb0y01q7qgbkt2zppjw5,image-to-video,20,233,6,189,34,14,232,1442.3696000000018,0
after,cmut3mb2301qeqgbkmkxiwcjy,image-to-video,20,276,7,229,37,16,210,1516.9241000000002,0
after,cmut3mb3301qlqgbksifb02fk,text-to-video,20,315,6,273,33,20,215,1512.8169000000016,0
after,cmut3mb5q01r2qgbkqdi2ktt4,text-to-video,20,415,7,364,41,25,243,1626.2471000000005,0
after,cmut3mb4b01qtqgbkwxpiw7tq,image-to-video,20,364,5,309,46,21,259,1649.8918000000012,0
after,cmut3mb7201r8qgbkdl1e8vai,text-to-video,20,469,7,410,48,30,248,1724.5672999999988,0
after,cmut3mb9501rhqgbk6zyvsp6f,image-to-video,20,558,6,471,77,27,234,1790.267100000001,0
after,cmut3mbb901rpqgbk4yl3ruxj,text-to-video,20,625,7,558,57,33,247,1825.732899999999,0
after,cmut3mbdc01ryqgbk5f8tx46f,image-to-video,20,703,8,622,70,34,219,1871.710500000001,0
after,cmut3mbf701s8qgbkyq2firzw,text-to-video,20,768,8,699,58,34,219,1872.5737999999983,0
after,cmut3mbhg01sjqgbkk7sqjyot,image-to-video,20,857,6,770,77,37,210,1937.6310000000012,0
after,cmut3mbjs01stqgbkv7ope06b,text-to-video,20,933,7,856,67,33,211,1947.4812999999995,0
after,cmut3mblz01t3qgbk7smlr89y,text-to-video,20,1025,5,933,83,47,201,1957.1808999999994,0
after,cmut3mcnt01xmqgbk53s346ze,text-to-video,20,34,3,3,23,13,97,785.8732999999993,0
after,cmut3mcoj01xqqgbkwtq8vvwo,image-to-video,20,56,3,29,19,8,165,1066.8544000000002,0
after,cmut3mcpb01xvqgbk4b66ion1,image-to-video,20,92,3,56,28,16,144,1123.4272999999994,0
after,cmut3mcqc01y0qgbkyshn49j5,image-to-video,20,123,4,91,24,10,145,1245.0548000000017,0
after,cmut3mcr401y6qgbk2ite4hyy,text-to-video,20,152,4,118,26,10,148,1252.3176999999996,0
after,cmut3mcs001ybqgbkzujrf8kb,text-to-video,20,184,4,146,29,12,161,1336.0494999999974,0
after,cmut3mcsz01ygqgbkcrngk2zg,image-to-video,20,223,5,182,32,13,225,1476.0987000000023,0
after,cmut3mcvj01yvqgbk4bnsjg7s,text-to-video,20,312,5,279,24,13,241,1547.5939999999973,0
after,cmut3mcu701ynqgbksceponvi,image-to-video,20,279,5,224,46,24,235,1574.6601999999984,0
after,cmut3mcwm01z1qgbkucild240,text-to-video,20,361,5,307,45,22,252,1643.9483999999975,0
after,cmut3mcz201zdqgbkjncb3ql0,text-to-video,20,450,6,400,40,22,265,1731.1591999999982,0
after,cmut3mcxs01z8qgbkuszcrflj,text-to-video,20,405,5,358,38,23,260,1732.5241000000024,0
after,cmut3md0g01zkqgbkkab85xai,image-to-video,20,505,6,445,50,25,259,1832.670100000003,0
after,cmut3md2a01zuqgbkgi1yoscg,image-to-video,20,574,6,502,62,26,329,1919.977899999998,0
after,cmut3md430203qgbk6xx4pgyk,text-to-video,20,644,6,570,64,34,310,1936.5036999999975,0
after,cmut3md67020dqgbkm7l2pyjy,text-to-video,20,720,6,644,66,33,234,1937.0662000000011,0
after,cmut3md8a020mqgbk5h23xvvm,text-to-video,20,801,7,723,68,40,248,1973.780200000001,0
after,cmut3mdat020sqgbkcgui8jrr,image-to-video,20,894,7,800,83,40,218,2034.1888999999974,0
after,cmut3mddd0214qgbkn09gzu80,image-to-video,20,994,7,892,91,44,203,2075.444199999998,0
after,cmut3mdfz021eqgbkygspzm7w,image-to-video,20,1089,7,991,87,48,187,2125.880400000002,0
after,cmut3meos0260qgbkk7fhfp5m,image-to-video,20,43,2,8,26,11,132,1006.9521999999997,0
after,cmut3mepj0265qgbkcll009ih,image-to-video,20,67,3,36,21,9,132,1078.6934,0
after,cmut3meq5026aqgbkftmssou4,text-to-video,20,94,4,58,25,14,137,1108.468499999999,0
after,cmut3mer0026eqgbkaq5vysvh,text-to-video,20,120,4,88,21,10,151,1237.1674999999996,0
after,cmut3merr026iqgbkm6qvxzka,text-to-video,20,155,5,115,28,17,169,1304.0832999999984,0
after,cmut3mesr026nqgbkshdzuy5e,image-to-video,20,194,5,145,35,15,221,1508.5460999999996,0
after,cmut3metz026uqgbkxfe3d23w,image-to-video,20,233,5,184,35,14,206,1562.4555999999975,0
after,cmut3mev30271qgbkty6lf80k,image-to-video,20,280,6,224,42,17,215,1631.9785999999986,0
after,cmut3mewd0279qgbks8sro1ob,image-to-video,20,330,6,270,45,22,250,1727.083300000002,0
after,cmut3mexp027gqgbkmhd9je7u,text-to-video,20,380,6,320,45,27,262,1743.096300000001,0
after,cmut3mezb027lqgbk7lxx88pw,image-to-video,20,438,7,371,52,24,298,1871.0688999999984,0
after,cmut3mf0r027uqgbkx4fzk1t9,text-to-video,20,493,7,429,49,29,300,1883.438399999999,0
after,cmut3mf2d0283qgbkh5o4isem,text-to-video,20,553,7,483,54,30,314,1971.0335999999988,0
after,cmut3mf48028dqgbkdu7bzpm1,image-to-video,20,618,8,544,58,26,292,2058.886999999999,0
after,cmut3mf5w028lqgbk4lrzlsza,text-to-video,20,686,8,609,61,37,285,2071.118699999999,0
after,cmut3mf7v028rqgbkwrkx31n1,text-to-video,20,753,8,679,58,33,254,2105.584499999997,0
after,cmut3mf9p028yqgbkirf0wths,text-to-video,20,833,9,743,74,46,245,2135.0639999999985,0
after,cmut3mff3029lqgbkdf7n0q0s,text-to-video,20,1027,9,927,83,47,218,2190.9884999999995,0
after,cmut3mfcg029bqgbku82b6s32,image-to-video,20,935,8,827,92,40,217,2191.4503000000004,0
after,cmut3mfhy029wqgbk3lmqec9u,image-to-video,20,1144,9,1021,106,53,209,2241.123199999998,0
